{
  "train_loss": [
    6.207322773337364,
    2.8765408277511595,
    2.711353653669357,
    2.6657220512628554,
    2.6246498197317125,
    2.5335117518901824,
    2.3554057598114015,
    2.1151644349098206,
    1.7474993273615838,
    1.4208761230111122,
    1.1570733420550823,
    0.9401873506605625,
    0.7728153631091118,
    0.6518782615661621,
    0.5450589399784803,
    0.45740203820168973,
    0.3945078656077385,
    0.35119980573654175,
    0.3175880067050457,
    0.2814918925985694,
    0.25762775000184773,
    0.2405203439295292,
    0.2282958159223199,
    0.20936890747398137,
    0.1976267324760556,
    0.1937977963127196,
    0.19142241589725018,
    0.18538606222718954,
    0.18169591017067432,
    0.17657405268400908
  ],
  "val_acc": [
    0.0,
    0.0,
    0.0,
    0.0,
    0.0,
    0.0,
    0.0,
    0.0,
    0.0044444444444444444,
    0.013333333333333334,
    0.09444444444444444,
    0.11555555555555555,
    0.27,
    0.36777777777777776,
    0.4722222222222222,
    0.5222222222222223,
    0.7044444444444444,
    0.7344444444444445,
    0.7488888888888889,
    0.8011111111111111,
    0.8277777777777777,
    0.8122222222222222,
    0.8122222222222222,
    0.8422222222222222,
    0.8444444444444444,
    0.8477777777777777,
    0.8466666666666667,
    0.85,
    0.8477777777777777,
    0.8488888888888889
  ],
  "lr": [
    0.0002818236864402166,
    0.0007636335152461322,
    0.0009999994711525216,
    0.0009965342423405494,
    0.0009863542667439818,
    0.0009695972110691782,
    0.0009464896857476816,
    0.0009173441804188779,
    0.0008825548380436942,
    0.0008425921247971988,
    0.00079799646782066,
    0.0007493709468715541,
    0.0006973731387044207,
    0.0006427062244733181,
    0.0005861094804130114,
    0.0005283482803961137,
    0.0004702037455644458,
    0.00041246218100559354,
    0.00035590444232549165,
    0.0003012953759158994,
    0.00024937347571903285,
    0.00020084089636387162,
    0.00015635395772933648,
    0.00011651426934383309,
    8.18605946484319e-05,
    5.2861565145567816e-05,
    2.9909342961899095e-05,
    1.331431752829268e-05,
    3.300908095239338e-06,
    4.5288474784965e-09
  ]
}