{
  "crnn": {
    "word_acc": 0.8841666666666667,
    "char_acc": 0.9515310548230396,
    "n": 6000
  },
  "easyocr": {
    "word_acc": 0.8986666666666666,
    "char_acc": 0.9671843144059341,
    "n": 6000
  },
  "delta": {
    "word_acc": -0.014499999999999957,
    "char_acc": -0.01565325958289454
  }
}