{
  "crnn": {
    "word_acc": 0.8841666666666667,
    "char_acc": 0.9515310548230396,
    "n": 6000
  }
}